product_id,product_name,category,price
1,Face-to-face clear-thinking capacity,Electronics,61.79
2,Universal leadingedge methodology,Books,479.65
3,Multi-channeled clear-thinking standardization,Apparel,196.01
4,Customer-focused dynamic hub,Sports,259.58
5,Universal content-based analyzer,Books,163.55
6,Vision-oriented well-modulated capacity,Electronics,315.33
7,Profit-focused background instruction set,Toys,418.65
8,Managed actuating installation,Toys,325.05
9,Function-based hybrid customer loyalty,Uncategorized,359.85
10,Adaptive systemic approach,Beauty,281.25
11,Monitored transitional utilization,Toys,228.31
12,Right-sized discrete intranet,Apparel,269.74
13,Persevering logistical help-desk,Electronics,351.94
14,Object-based optimal attitude,Beauty,305.25
15,Seamless national definition,Electronics,239.62
16,De-engineered zero administration archive,Beauty,480.27
17,Synergized 3rdgeneration projection,Uncategorized,478.91
18,Diverse radical array,Electronics,7.49
19,Operative systemic software,Beauty,108.98
20,User-friendly asynchronous leverage,Home & Kitchen,84.67
21,Innovative homogeneous portal,Home & Kitchen,337.13
22,Balanced cohesive paradigm,Groceries,324.11
23,User-friendly multi-tasking data-warehouse,Books,364.17
24,Decentralized zero tolerance algorithm,Books,54.52
25,Fundamental dynamic support,Groceries,167.53
26,Quality-focused even-keeled architecture,Sports,404.81
27,Secured human-resource infrastructure,Books,357.54
28,Diverse coherent open system,Sports,439.55
29,Configurable dedicated capability,Apparel,92.01
30,Operative mobile access,Home & Kitchen,446.19
31,Profit-focused analyzing hierarchy,Apparel,446.59
32,Open-architected next generation hub,Toys,385.75
33,Operative hybrid knowledgebase,Groceries,328.68
34,Versatile 6thgeneration info-mediaries,Beauty,71.27
35,Focused tangible infrastructure,Electronics,333.03
36,Distributed attitude-oriented orchestration,Home & Kitchen,379.82
37,Profound hybrid hierarchy,Home & Kitchen,369.28
38,Multi-lateral analyzing framework,Groceries,119.72
39,Reduced executive time-frame,Sports,197.11
40,Virtual zero tolerance extranet,Sports,56.1
41,Innovative solution-oriented alliance,Beauty,291.42
42,Organic intermediate infrastructure,Apparel,260.75
43,Exclusive systemic function,Sports,409.53
44,Robust zero administration core,Electronics,253.41
45,Universal directional open system,Beauty,109.7
46,Operative grid-enabled access,Apparel,332.25
47,Innovative secondary portal,Groceries,242.12
48,Multi-tiered composite knowledgebase,Books,26.36
49,Ergonomic clear-thinking concept,Electronics,445.94
51,Decentralized background frame,Beauty,473.89
52,Digitized eco-centric data-warehouse,Groceries,89.43
53,Open-source static challenge,Home & Kitchen,313.49
54,User-centric global projection,Groceries,300.28
55,Realigned tangible Graphic Interface,Electronics,105.16
56,Future-proofed systematic collaboration,Home & Kitchen,304.73
57,Cross-platform systematic migration,Apparel,51.13
58,Profound scalable analyzer,Electronics,449.0
59,Public-key user-facing methodology,Sports,438.04
60,Right-sized systemic process improvement,Groceries,395.83
61,Cross-platform user-facing process improvement,Apparel,215.62
62,Open-source client-server productivity,Apparel,145.22
64,Universal attitude-oriented protocol,Sports,207.38
65,Right-sized object-oriented software,Beauty,428.21
66,Multi-tiered empowering definition,Toys,378.71
67,Exclusive next generation Graphical User Interface,Sports,281.75
68,Front-line client-driven success,Toys,369.21
69,Horizontal logistical contingency,Groceries,392.64
70,Multi-lateral static approach,Sports,401.42
71,Multi-lateral national encoding,Uncategorized,482.46
72,Face-to-face dynamic firmware,Toys,48.63
73,Exclusive 5thgeneration workforce,Toys,465.69
74,Team-oriented disintermediate archive,Electronics,473.13
75,Configurable tertiary hierarchy,Books,426.03
76,Synchronized multi-tasking methodology,Books,309.52
77,Open-architected 4thgeneration hub,Home & Kitchen,47.99
78,Up-sized encompassing hub,Toys,295.11
79,Persistent zero-defect superstructure,Apparel,277.05
80,Networked system-worthy open system,Sports,481.83
81,Synergistic encompassing methodology,Toys,289.58
82,Managed logistical initiative,Apparel,254.07
83,Reverse-engineered transitional success,Beauty,438.68
84,Future-proofed uniform throughput,Toys,283.77
85,Sharable full-range customer loyalty,Groceries,342.39
86,Multi-lateral disintermediate Internet solution,Beauty,38.44
87,Multi-layered non-volatile leverage,Books,401.08
88,Future-proofed hybrid info-mediaries,Beauty,127.89
89,Upgradable radical time-frame,Apparel,279.5
90,Profit-focused homogeneous workforce,Beauty,95.48
91,Cloned intermediate database,Books,121.26
92,Grass-roots clear-thinking artificial intelligence,Books,418.99
93,Enhanced global forecast,Apparel,339.53
94,Multi-layered 3rdgeneration monitoring,Electronics,424.77
95,Total 24/7 orchestration,Beauty,247.95
96,Managed regional function,Books,376.33
97,Profound background Graphical User Interface,Electronics,253.73
99,Right-sized client-server Graphic Interface,Books,192.82
100,Multi-layered object-oriented implementation,Home & Kitchen,276.54
101,Object-based exuding knowledge user,Sports,96.04
102,Enterprise-wide bifurcated encoding,Sports,427.89
103,Advanced logistical focus group,Books,408.02
104,Devolved disintermediate hub,Toys,102.05
105,Vision-oriented transitional parallelism,Electronics,92.42
106,Decentralized encompassing contingency,Sports,393.74
107,Networked bottom-line forecast,Toys,53.99
108,Business-focused static firmware,Apparel,227.68
109,Streamlined needs-based paradigm,Beauty,175.35
110,Exclusive dynamic utilization,Books,290.54
111,Diverse intangible budgetary management,Beauty,180.78
112,Innovative zero-defect functionalities,Apparel,193.63
113,Integrated didactic structure,Home & Kitchen,322.09
114,Centralized local open system,Toys,425.21
115,Open-source directional protocol,Sports,328.24
116,Visionary logistical definition,Groceries,391.58
117,Customer-focused systemic adapter,Groceries,209.92
118,Assimilated national project,Beauty,470.52
119,Synergized upward-trending capability,Apparel,52.3
120,Proactive multi-tasking help-desk,Toys,264.37
121,Down-sized client-server capability,Apparel,329.14
122,Configurable holistic superstructure,Beauty,224.36
123,Reactive local array,Electronics,333.46
124,Realigned even-keeled functionalities,Beauty,276.53
125,Diverse demand-driven hierarchy,Groceries,317.37
126,Switchable even-keeled support,Beauty,454.92
129,Synergized solution-oriented service-desk,Groceries,153.31
130,Proactive actuating budgetary management,Electronics,276.37
131,Proactive content-based project,Books,85.82
132,Diverse secondary service-desk,Beauty,44.21
133,Assimilated system-worthy moderator,Beauty,145.92
134,Open-source global support,Apparel,95.29
135,Digitized directional intranet,Beauty,351.73
136,Persistent local capacity,Electronics,97.04
137,Re-engineered intermediate initiative,Electronics,120.24
138,Synergized fresh-thinking installation,Beauty,393.93
139,Ergonomic content-based Local Area Network,Electronics,168.47
140,Adaptive bifurcated focus group,Toys,40.34
141,Centralized secondary analyzer,Toys,414.98
142,Virtual responsive standardization,Groceries,127.35
143,Multi-channeled coherent intranet,Apparel,262.96
144,Public-key asymmetric algorithm,Beauty,468.43
145,Multi-layered fresh-thinking projection,Apparel,130.39
147,Automated 4thgeneration collaboration,Beauty,294.42
148,Polarized systemic conglomeration,Groceries,345.76
149,Upgradable clear-thinking architecture,Groceries,50.24
150,Integrated contextually-based functionalities,Electronics,34.59
