customer_id,name,email,phone,city,signup_date,segment
1,Allison Hill,donaldgarcia@example.net,+1-219-560-0133,Robinsonshire,2025-07-02,VIP
2,Sean Blake,helenpeterson@example.org,651.216.1559,South Christianport,2025-07-20,Regular
3,Lisa Hensley,janetwilliams@example.org,001-341-431-6475x25534,East Steven,2024-11-12,Regular
4,Timothy Watts,gabriellecameron@example.org,505.964.1395,Thomasberg,2024-05-19,VIP
5,Justin Baker,zhurst@example.com,828.371.0122,Riceside,2024-05-05,Regular
6,Alexandra Le,kayla51@example.com,(727)404-8281x48932,New Mariotown,2024-11-19,Regular
7,Jack Galloway,john39@example.org,671-882-2782,Lake Larry,2026-05-15,Premium
8,Marie Kim DDS,wrightcaleb@example.org,001-383-293-0103,New Johnfort,2026-01-01,Premium
9,Carlos Walls,esanchez@example.com,311.265.6670,Laurenville,2024-05-28,Premium
10,Connor West,dwhite@example.org,478-810-8013,Port Richard,2024-09-11,Premium
11,James Galloway,sara74@example.com,001-287-223-4309x805,North Susan,2025-01-15,Premium
12,Cody Larson,richarddavid@example.net,799.609.1699,Johnfurt,2023-09-18,Premium
13,Matthew Bryant,smithchristine@example.net,518-738-4251,Bassport,2023-12-30,VIP
14,Victoria Valdez,contrerasangela@example.net,524-711-8244,Williamview,2023-09-17,VIP
15,Sarah Davis,ccalderon@example.org,,West Michaelton,2024-07-02,Regular
16,Christine Wright,gomezanita@example.com,+1-423-322-6025x634,Port Thomasborough,2024-05-03,Regular
17,Julia Torres,jeffreykeller@example.com,641-245-8685x01429,Reedmouth,2023-05-19,Premium
18,William Wilson,jonathanfletcher@example.org,783.856.1595x14846,East Robert,2025-06-08,Regular
19,Megan Orr,richard04@example.com,969.495.7773,Zacharymouth,2025-04-20,VIP
20,Trevor Young,jeffrey32@example.org,8379917693,Lake Grace,2024-05-24,Regular
21,Shannon Mcclure,zrobinson@example.net,870.983.1727x88957,Colebury,2026-02-18,VIP
22,Destiny Strickland,rsims@example.com,443-545-5812,Lake Jason,2024-05-03,VIP
23,Gary Owens,clarkrobert@example.net,001-509-967-0546x688,Tuckerfurt,2023-10-07,Regular
24,  MICHAEL POWELL  ,marycalhoun@example.net,+1-906-499-0162,Murphymouth,2023-03-06,Regular
25,Philip Gray,fking@example.com,5802531003,East Thomas,2025-03-03,VIP
26,Travis Marshall,katie29@example.net,001-512-341-9049x6631,Melissaville,2025-06-08,VIP
27,Kylie Williams,ESTANLEY@EXAMPLE.NET,+1-650-967-1657x2628,Marcusbury,2024-08-16,Regular
28,Angelica Keith,karenhudson@example.net,(650)275-2735x4549,North John,2024-10-21,Premium
29,Justin Allen,fbrewer@example.com,9147363495,Michaelmouth,2024-06-26,Premium
30,David Martinez,leslienewton@example.net,(333)574-9894,Harrytown,2024-01-14,VIP
31,Beth Williams,tranheidi@example.org,+1-971-309-4777x5204,Vasquezshire,2025-11-15,Regular
32,Amy Hernandez,christopher31@example.net,001-269-399-3867x74964,Lake Jason,2026-04-24,VIP
33,Brooke Thompson,moorericky@example.net,+1-574-803-4471x349,Lake Edward,2023-05-27,Regular
34,Charles Brown,brooke94@example.com,374-264-8877,Cassandratown,2026-02-08,VIP
35,Vernon Huff,keyemily@example.com,001-802-978-7429,Baileymouth,2026-05-21,VIP
36,Brian Martin,ssteele@example.net,,Cindyfort,2023-03-11,Regular
37,Olivia Harris,sarakim@example.net,310.993.2480x8613,South Sarah,2026-04-23,Premium
38,Michael Perry,pbaird@example.com,+1-826-739-8214,Loriport,2026-04-07,VIP
39,Sara Carpenter,cgrimes@example.net,855.288.6753x3963,Thorntonfurt,2024-02-10,Regular
40,Matthew Hoover,tylerjohnson@example.net,001-851-471-8702,Matthewfurt,2023-04-06,VIP
41,Sarah Phelps,ofinley@example.net,001-478-609-1343x16117,West Lauraport,2026-02-26,VIP
42,Jeffrey Sanchez,yknight@example.org,(421)596-9379,Stevetown,2024-08-11,Premium
43,Julie Roberts,charleslandry@example.net,664-674-3671x3695,Hillshire,2023-01-28,Regular
44,Paula Beltran,swall@example.org,+1-753-439-4210x470,Markchester,2023-04-26,VIP
45,Carlos Ryan,alyssa42@example.com,245.617.1236x8516,Richardsonview,2024-11-15,Regular
46,Samantha Bentley,leonardthomas@example.net,+1-459-231-7461,Wendyville,2026-04-22,Regular
47,Stephen Taylor,vwatson@example.net,+1-669-226-1796,South Sean,2025-05-30,Premium
48,Jack Pollard,amy50@example.com,531-371-3900x532,New Jason,2025-11-24,VIP
49,Erin Hernandez,ramireztracey@example.org,+1-742-210-2053,East Judyhaven,2023-08-11,VIP
50,Arthur West,william17@example.net,890.884.7007,Josephmouth,2025-05-25,Premium
51,Bobby Franklin,martinezclaudia@example.net,+1-856-398-4789,Port Dianaside,2025-10-08,Regular
52,Cindy Hayes,robertwilcox@example.com,(315)765-4527x11116,New Sueside,2025-11-01,Premium
53,Bryan Gomez,uparrish@example.org,794-351-9832x7315,Port Roy,2025-08-31,VIP
54,Patricia Howell,lynchdiane@example.net,302-444-5502x296,North Julieborough,2025-08-03,Premium
55,Jesse Moore,jennifer99@example.org,9229901476,Port William,2024-06-12,VIP
56,Brian Gregory,trose@example.org,669.600.3432,South Julieburgh,2024-02-23,Regular
57,Joseph Hall,charles06@example.org,715.496.9664x160,Collierstad,2025-10-19,Regular
58,Ryan Sanchez,zwarren@example.com,001-453-552-1818x8355,Jamesberg,2023-05-12,Regular
59,Mary Thompson,kmarshall@example.net,299.755.2717x744,Steventon,2024-10-09,VIP
60,Ronald Jones,gilbertwilliam@example.com,001-480-279-3597,Toniland,2024-07-28,VIP
61,Carrie Wright,hritter@example.net,+1-725-354-6659x051,Mitchellberg,2024-12-12,Regular
62,Kevin Thomas,kyle62@example.net,001-214-786-5281x685,West Stacey,2024-01-30,Regular
63,Mr. Chad Jones,romeroamber@example.net,805.792.9622x29270,South Cheryl,2025-05-13,Premium
64,Rachel Young,,859.477.4688,Port John,2025-11-08,Premium
65,Shelly Spencer,DAWSONZACHARY@EXAMPLE.ORG,812-247-8261x3750,Joeland,2024-05-20,Regular
66,Alfred Galvan,lacey20@example.com,827.379.0104x3289,West David,2025-09-17,Regular
67,Mark Dean,rodriguezrebecca@example.net,+1-708-593-2460,Lake Elizabeth,2024-12-29,Premium
68,Heather Ashley,myerstheodore@example.net,(754)705-1531x9520,Port Kimberly,2025-11-04,Regular
69,Michael Welch,bryanparsons@example.com,8439030548,West Michael,2023-11-20,VIP
70,Sharon Rivera,lloydsamuel@example.com,001-876-452-7758x4161,Curtismouth,2024-11-27,Regular
71,Elizabeth Morrison,cjackson@example.com,205.496.4016x582,Johnsonland,2025-12-18,Regular
72,Matthew Cox,jacobserika@example.com,(271)492-8565x431,Mcintyreville,2024-09-28,VIP
73,David Griffin,heather73@example.org,,Port Michael,2025-12-22,Regular
74,William Conner,kristyjohnson@example.net,001-857-982-9114,Morrowland,2024-11-01,Premium
75,Evan Jones,wfrazier@example.org,001-789-522-6801x82422,Meghanview,2024-03-17,VIP
76,Tyler Hill,christina18@example.net,(299)222-9959,Debrashire,2023-04-14,Premium
77,Mark Jimenez,dawn47@example.org,+1-464-771-0276x77359,Jessicastad,2026-01-04,Premium
78,Bianca Wood,,732.510.4696x325,Ferrellmouth,2025-08-31,Premium
79,Mr. Alexander Landry MD,jasongomez@example.org,779-274-8016x2456,West Angela,2024-05-26,Premium
80,Jonathan Duran,,(816)255-8523,Lake Mason,2023-02-27,Premium
81,Jesus Obrien,markaustin@example.org,(794)795-8887x9470,Silvatown,2025-05-09,VIP
82,Deborah Rios,jennifersilva@example.org,896.523.0913x07562,Salaston,2024-06-07,Regular
83,Kelly Hoffman,ufox@example.org,685.585.4973x348,Kellieborough,2026-04-16,Regular
84,Katherine Castillo,keith98@example.com,(652)640-4157x4733,East Brent,2023-06-25,Premium
85,Courtney Hall,gutierrezjennifer@example.org,+1-520-282-6773x45401,South Nicole,2026-03-11,Premium
86,Thomas Osborn,lfrench@example.net,400-949-9154x7887,West Franciscomouth,2023-12-15,VIP
87,Michelle Smith,krystal93@example.org,+1-566-285-1612x275,South Karen,2023-11-29,VIP
88,Elizabeth Sharp,greenmichael@example.org,6177426841,East Timothy,2025-02-23,Premium
89,William Brooks,ztodd@example.net,339.218.7851,New Amanda,2025-11-23,Premium
90,Scott Ramos,jenniferburns@example.net,207.828.6790x874,Lake Jefferyland,2023-11-21,Regular
91,Gregory Brown,michaelcesar@example.com,8468226567,Lake Michelle,2023-04-13,Regular
92,Willie Long,jessicawalker@example.org,001-504-378-6863x37524,Mendeztown,2023-02-11,VIP
93,Austin Wheeler,tharper@example.org,,Barbaramouth,2025-11-06,Regular
94,Shawn Odom,roberthill@example.net,001-726-887-0568,Nicholasside,2024-06-04,Regular
95,Samuel Turner,lindamelendez@example.net,(568)282-6343x51751,Port Charlesshire,2023-12-09,Premium
96,Kristin Mendoza,kevin03@example.org,001-717-639-3638x5467,Owensfort,2023-11-30,Premium
97,Erica Harris,robert93@example.net,(504)789-9642,South Andrea,2023-10-21,Premium
98,Gail Hines,plevy@example.net,372.252.2872x8080,Taylorbury,2025-09-02,VIP
99,Chris Robinson,nbrooks@example.net,+1-697-270-0886x00848,Drakeburgh,2024-10-02,Regular
100,Brent Hernandez,christineking@example.com,361-856-7933x410,Browntown,2024-04-28,Regular
101,Angela Bruce,ariel18@example.org,239.474.0148,Alexisborough,2026-03-31,Premium
102,Nicole Marquez,thickman@example.org,001-739-268-5621,Port Charles,2023-05-05,Regular
103,Lisa Larson,anthony47@example.com,658.566.2961,West Ericberg,2025-06-28,Premium
104,Emily Rodriguez,,821-326-7888,Angelamouth,2023-02-03,VIP
105,Alexandria Gutierrez,hardyanita@example.org,001-982-462-2444,Hillport,2023-03-22,Premium
106,Mr. David Wright,mwheeler@example.com,924-706-5965,West Malik,2024-07-03,VIP
107,Christina Edwards,snovak@example.net,001-479-235-6465x193,Hahnborough,2026-05-01,Regular
108,Eddie Schwartz,ichambers@example.net,834-226-6179x7968,Jacquelineside,2025-10-05,Premium
109,Suzanne Rodriguez,,+1-509-965-6101x438,Bartonshire,2024-04-22,VIP
110,Brittany Cuevas,agarcia@example.org,725-945-7387,Floresport,2023-05-05,VIP
111,Michael Johnson,deborah23@example.net,(482)458-6736,Fosterborough,2025-03-28,Premium
112,  JEFFREY SMITH  ,jamiegoodwin@example.org,001-618-925-5371,Candicefurt,2024-11-04,Premium
113,Hannah Bruce,lisamccarthy@example.com,+1-891-825-1341x252,Hendersonfort,2025-01-31,Premium
114,  MELISSA BREWER  ,angelaburns@example.org,(557)890-5072,Ortizfort,2026-05-14,Regular
115,Ryan Burns,cunninghamlaura@example.org,304-638-4279x7881,Amberton,2025-09-16,Regular
116,Jessica Robinson,pgarcia@example.org,807-445-1713x3959,Port Jamie,2025-02-25,Premium
117,Gregory Campbell,mariopadilla@example.com,001-448-512-6042,Mariafurt,2023-07-06,Regular
118,Kenneth Adams MD,yjones@example.org,(884)557-7590x1751,South Joseph,2026-05-20,Premium
119,Gail Lane,rkramer@example.org,8175012770,Lake Kevin,2026-06-24,Regular
120,Sherri Davis,john52@example.org,(943)261-1037x1293,Lisachester,2023-01-11,Premium
121,Karen Perez,crosscurtis@example.com,(942)762-2189x092,South Christina,2025-07-10,Regular
122,Daniel Mosley,,(665)223-4138x999,Jamiehaven,2025-12-17,Premium
123,James Lucas,troyrodriguez@example.com,+1-491-980-5526x9658,North Brendatown,2026-05-02,Premium
124,Andrew Brown,ohunter@example.net,566.461.8892x41418,Willisland,2024-11-15,VIP
125,Jeffrey Ashley,brianmiller@example.com,479-290-4210,Alexandraview,2023-07-29,Premium
126,Cameron Norman,jessica10@example.com,(448)714-9177x85079,New Emilyville,2023-07-20,Regular
127,Jordan Williams,sanchezthomas@example.com,(720)686-3536,Davidton,2025-11-19,Premium
128,Robert Jarvis,djones@example.com,001-945-718-7053x49493,Cuevasborough,2025-01-24,Premium
129,  KIMBERLY FLYNN  ,adamortiz@example.org,+1-550-850-6413,East Jenniferland,2024-09-19,VIP
130,David Bruce,xhaynes@example.com,001-519-618-2619x9062,Sarafurt,2023-11-30,Regular
131,Nancy Stewart,jesus32@example.net,721-527-7561,Bakerville,2024-07-30,Premium
132,Robert Torres,lewismelissa@example.org,235-868-0442,North Steven,2025-12-26,Regular
133,Brenda Smith,davidcolon@example.com,+1-219-994-1013x72151,Underwoodfurt,2023-03-06,VIP
134,James Simmons MD,joshuagriffin@example.org,9992934768,Taylorborough,2023-04-22,VIP
135,Rebecca Wright,mayokimberly@example.com,587.259.8564x2059,Brianfort,2026-02-16,Premium
136,Pamela Key,craigsandoval@example.com,+1-703-796-5223,Lake Jackieshire,2026-03-12,Regular
137,Kristine Lopez,lweaver@example.com,2107393087,Port David,2026-03-17,VIP
138,Tamara Richard,brian29@example.net,(718)651-5691,Lake Stacy,2024-02-16,Regular
139,Toni Banks,jasminehoffman@example.net,(239)426-4422x096,Lake Ariana,2025-02-07,Regular
140,Brenda Mcgee,michaelflores@example.net,,South Samuelchester,2025-07-08,Premium
141,Stacey Snyder,ybell@example.org,793.427.1040x5411,Lake Charles,2026-02-07,Premium
142,Vanessa Morgan,bbush@example.net,(896)620-1533,Johnton,2025-04-22,Regular
143,Joshua Henry,wardronald@example.com,+1-997-931-0324x17146,Christopherside,2026-02-15,Regular
144,Jacob James,seanbaker@example.com,534-290-2115x869,Sheppardfort,2025-12-08,VIP
145,Cynthia Evans,torr@example.org,898.399.2172x23320,Harrisberg,2026-06-15,VIP
146,Deanna Bartlett,millerangela@example.net,348-370-9986x16229,Port Justinside,2024-12-18,Premium
147,Sherry Baker,earmstrong@example.org,(746)529-9606,Mccallstad,2023-03-04,Regular
148,Robert Turner,megan13@example.org,,North Larry,2024-10-19,VIP
149,Brandy York,,9308705345,Lake Anthonystad,2025-03-21,Premium
150,Jeremy Horne MD,max41@example.com,6608293333,South Rhondaburgh,2024-10-16,Regular
151,Alejandra King,jennifer46@example.com,(774)637-4896x910,South Calebview,2024-01-16,VIP
152,Shannon Green,jacob83@example.org,+1-565-720-7446x660,Lake Amanda,2025-07-16,Regular
153,Susan Powers,megan82@example.com,772-548-2513,Robertmouth,2025-08-07,Premium
154,Kevin Ford,ruizmichelle@example.net,001-691-873-8168,East Victoria,2023-03-10,Premium
155,William Orozco,tthomas@example.org,001-917-352-5007x43292,Schultzfurt,2023-06-15,Premium
156,John Smith,jessicadodson@example.com,001-683-400-3354x21689,West Stacymouth,2023-03-25,VIP
157,Linda Morgan,matthewvalenzuela@example.com,,Kelseyton,2024-04-23,VIP
158,Amber Rodriguez,,(418)847-2304x6184,New Jenniferville,2025-11-25,VIP
159,Richard Jimenez,kimberlydecker@example.org,(264)320-8737x530,Hernandezland,2026-03-03,Premium
160,Angela Cummings,dawn74@example.com,201.420.4556x110,West Michael,2025-04-26,Regular
161,Marco Johns,watsonmatthew@example.org,(867)946-7621x2021,Whitefurt,2025-10-20,Regular
162,Lisa Huffman,,301.845.0899x358,South Michael,2025-04-24,VIP
163,  JANICE COMBS  ,smithsarah@example.net,872.817.5354x0838,South Seanshire,2025-11-08,Premium
164,Scott West,hooperjulie@example.org,666-508-8019,Clementsstad,2025-04-15,Premium
165,Ruth Richard,ann99@example.com,001-757-311-3055x488,South Donald,2023-02-28,VIP
166,Mikayla Rodriguez,jacobconrad@example.com,973.951.6091,South Adam,2025-04-20,Premium
167,Kristen Reynolds,XGLASS@EXAMPLE.ORG,001-592-621-6995x866,Taramouth,2024-05-22,VIP
168,Brenda Morrison,megan85@example.net,001-383-733-9452x2885,Craigside,2024-12-18,Premium
169,Ryan Stokes,johnsondustin@example.net,5342244204,Garciaside,2024-04-02,Regular
170,Natalie Hoffman,williamrobles@example.net,506-766-5800x4397,Port Jenny,2025-08-21,VIP
171,Jerry Lucero,lopezglenn@example.net,660-264-8422,North Eric,2024-02-26,VIP
172,Anthony Randolph,tracy98@example.com,858-832-8182,East Elizabeth,2023-04-28,Regular
173,Edward Clements,wbarajas@example.net,,South Jonathanport,2026-03-14,VIP
174,Jose Townsend,stucker@example.net,358.511.2880,Port Gina,2025-05-05,VIP
175,Christine Poole,elucas@example.net,+1-520-675-0110x24819,Mccoychester,2024-06-04,Premium
176,James Wilson,maychristine@example.net,001-301-658-1449,Jamestown,2025-09-03,Regular
177,Joseph Taylor,,+1-824-350-8821x0099,Jasonhaven,2024-01-24,Premium
178,Clinton Jensen,james29@example.org,001-487-581-4141x39755,East Louismouth,2023-05-08,Premium
179,Matthew Steele,arianadiaz@example.com,(720)653-3645x25777,East Debbieland,2024-09-13,Regular
180,  SHANNON TAYLOR  ,josemercado@example.org,001-910-480-9969x3084,Port Brittany,2024-04-11,Premium
181,Brandi Mason,sanderswayne@example.net,492.982.7229,East Kathleenbury,2026-04-13,VIP
182,Jacob Williams,aprilmoody@example.com,870.805.1844x9892,New Johnbury,2024-04-11,VIP
183,Heather Parrish,msparks@example.org,327.523.1843x22259,Jenniferfort,2024-06-13,VIP
184,Karen Garza,,001-492-628-0920,Greeneshire,2026-03-23,VIP
185,Sherry Luna,stacey37@example.net,772.936.9292x9842,East Nicholasberg,2025-01-31,Regular
186,Dale Heath,mserrano@example.org,(979)490-8811,Port Erikachester,2026-02-24,Regular
187,Jacqueline Williams,zperez@example.com,001-865-699-1624x73149,New Alexandrahaven,2023-08-30,Regular
188,Matthew Watts,robert12@example.com,+1-994-448-6959x4636,Kingport,2024-04-17,VIP
189,Patricia Sanders,melissahopkins@example.net,272.413.8658,Port Christopherberg,2024-05-11,Premium
190,Kyle Davis,jeffrey19@example.org,001-666-598-4902x7703,New Gavin,2023-02-12,Premium
191,David Smith,christopherhill@example.com,(766)793-8011x848,Jeremyborough,2026-05-14,Premium
192,Jared Smith,richardrodriguez@example.org,745.918.4894x76973,South Darrenland,2025-05-19,Premium
193,Richard Robinson,laurengutierrez@example.com,780.543.4165x18275,Ianborough,2026-02-15,Premium
194,Mr. Nicolas Salas II,maryhuff@example.com,(911)717-9080,Villanuevashire,2025-03-02,Regular
195,Katherine Joyce,raymond92@example.org,267.280.8562x71875,Carpentermouth,2025-05-10,Regular
196,Scott Lopez,joel79@example.com,(427)563-6556x472,Lindaside,2025-11-04,VIP
197,James Thomas,thomassmith@example.com,428.285.7448x9061,Thomasville,2023-10-02,Premium
198,George Ward,maurice61@example.com,+1-893-699-8245x58771,Port Gary,2024-08-14,Regular
199,Gail Welch,esweeney@example.org,(653)955-4496,Juliehaven,2025-09-23,Regular
200,Jennifer White,,001-313-326-1117x8006,North Diana,2023-12-01,Premium
201,Ellen Wright,scott22@example.net,(900)455-7784,New Carla,2026-05-22,Premium
202,Madison Elliott,regina78@example.org,274-456-4240,Nicholsfort,2024-03-14,Premium
203,Karen Smith,myates@example.org,4858368663,West Christian,2025-11-23,Premium
204,Kellie Marsh,justin84@example.com,612.924.1797,East Brandonside,2023-08-28,Premium
205,William Campbell,jenniferacosta@example.org,720-973-5647,West Christopherberg,2025-06-08,VIP
206,Reginald Jones,qwhite@example.com,,Sharonburgh,2024-08-26,Regular
207,Amanda Pineda,kingdanielle@example.org,(803)513-6502x491,New Kristenfort,2023-01-12,VIP
208,  BRITTNEY TOWNSEND  ,ericdavis@example.net,500-252-8127x35857,Jenniferview,2025-05-29,Premium
209,Karina Kim,amy73@example.net,(385)457-4982,Ambermouth,2024-07-27,VIP
210,Mark Gray,nicoleharvey@example.com,001-793-851-8638x78294,North Alexandraland,2025-03-28,Premium
211,Todd White,harristodd@example.org,7965789940,North Sarahborough,2025-02-12,Regular
212,Tanya Collier,dowen@example.com,+1-665-309-4801,North Jessicaside,2026-04-20,Regular
213,Corey Sandoval,angelagrant@example.net,895-776-1228,Mahoneymouth,2025-04-19,VIP
214,Yesenia Kirk,bduran@example.net,293-698-3684x57760,West Adam,2025-01-30,Regular
215,Mrs. Emily Ingram,samantha88@example.net,001-721-507-5224,Christopherfurt,2023-10-25,VIP
216,Claudia Jones,laura27@example.net,001-891-894-0961x055,Port Kayleetown,2026-04-01,Regular
217,Lynn Brown,floresannette@example.com,432.406.7998x13646,Duncanton,2024-03-04,Regular
218,Deborah Ross,iayala@example.org,683.876.9389x8331,North Emilychester,2024-02-17,Premium
219,Connor Cooper,carrillogary@example.com,+1-279-527-0335x211,Port Marissa,2026-04-25,Regular
220,Greg Brock,shannon05@example.org,001-283-638-8487x9206,Jamesview,2023-08-06,Regular
221,Matthew Smith,QGUERRERO@EXAMPLE.NET,(310)446-3681x579,Castrotown,2023-09-11,Regular
222,Thomas Torres,klong@example.org,(655)543-8404x608,Sandovalland,2023-07-13,Regular
223,Kelly Gregory,robertberry@example.com,495-878-2329x8324,Lake Sarah,2026-06-24,Regular
224,Emily Grant,whitemary@example.org,001-205-666-4742x3122,New Jesse,2025-02-11,Regular
225,Heather Watts,manderson@example.com,001-252-667-7223x306,Lake Emily,2026-04-27,VIP
226,Daniel Thompson,fcamacho@example.net,273-366-0965x69998,East Aprilfurt,2024-07-30,Premium
227,Mrs. Jasmine Hubbard,leescott@example.com,001-347-426-4908x27718,South Robert,2025-09-20,VIP
228,Christopher Garza,nicoledavis@example.com,001-421-811-7518x689,Port Georgemouth,2024-12-03,Premium
229,Mary Hernandez,haroldjoseph@example.com,947-942-1230x9407,New Nicolebury,2024-11-24,Premium
230,Matthew Chavez,mmiller@example.org,284.798.3022,Lake Belindaport,2023-02-16,Premium
231,Brandon Rodriguez,evanmitchell@example.net,001-799-882-7950x145,Bridgesland,2025-11-12,VIP
232,Chad Neal,mark68@example.org,001-739-601-9817x946,Sarashire,2024-11-01,VIP
233,Nicholas Jimenez PhD,jeanettekrause@example.org,707-713-9660,North Danielle,2024-12-16,Regular
234,Dawn Jones,william50@example.org,+1-455-969-9023x55770,Mcclainside,2023-07-18,Premium
235,Julia Olsen,conleykevin@example.net,+1-858-480-3955x12405,Lopezville,2024-12-29,Premium
236,Nicole Thornton,jennifer46@example.org,335.974.3842x1503,Steinberg,2024-10-07,Regular
237,Thomas Oconnor,kimberly21@example.net,+1-923-207-6810x40915,Andrewport,2023-05-12,VIP
238,Christine Gonzalez,joshua57@example.net,342-524-1098,Josephport,2024-11-23,Premium
239,Carolyn Collins,amber02@example.org,701.660.1662x9979,Lake Katherine,2024-02-29,VIP
240,Angela Livingston,fbradley@example.net,817.447.7332x945,Kristinamouth,2025-06-11,VIP
241,Andre Alvarez,timothy24@example.com,+1-992-881-6158x148,New John,2025-01-23,VIP
242,John Jones,lisagarza@example.com,001-958-732-1971,Thompsonfurt,2024-12-09,VIP
243,Brian Cervantes,pmurphy@example.net,6138290227,Gonzalezmouth,2025-02-24,Regular
244,Robert Frazier,WROBBINS@EXAMPLE.ORG,001-209-286-2405,Danielport,2025-06-16,Premium
245,Cynthia Park,tgarrett@example.com,(466)683-2723x8656,East Alexander,2026-06-26,Regular
246,Brianna Dyer,iproctor@example.org,(867)996-9278,East Roger,2024-05-05,Regular
247,Jonathan Simon,robert89@example.com,4096751971,New Pamelaland,2024-08-16,Regular
248,Mark Alvarado,suttonamber@example.net,790-658-0778x7956,Lake Sandraport,2024-01-05,Regular
249,Kristy Brown,klane@example.org,+1-649-604-7128x14429,Lake Danielburgh,2025-12-30,Regular
250,Nancy Hopkins,lindsey43@example.com,(880)851-2927,Barberburgh,2023-10-31,Premium
251,Nicholas Reed,karla10@example.org,867.247.8366x742,Reyesmouth,2024-01-04,VIP
252,Melanie Williams,stephanie69@example.net,754-441-4967x393,Lake Alanland,2024-02-04,Premium
253,Brent Garcia,ubell@example.com,330-409-1093x911,North Heather,2024-04-24,Regular
254,John Mayer,rlivingston@example.com,001-654-421-4066x504,Krauseborough,2024-07-16,Premium
255,Cassandra Vasquez,amberreynolds@example.net,+1-417-241-0119x4707,Adamsmouth,2026-04-05,VIP
256,Laura Robertson,zmendoza@example.net,001-218-330-6719x85546,Christophermouth,2024-04-11,Regular
257,Donna Harris,poncedonna@example.com,001-561-957-1732x030,Victormouth,2024-05-11,Premium
258,Alexis Morgan,kristin06@example.org,487.982.9310,Meadowston,2025-04-14,Premium
259,Matthew Smith,conwaylori@example.org,592.891.1179x931,Nguyenshire,2024-03-06,Premium
260,Erica Oconnell,kathrynwatkins@example.com,914-526-2582,East Craigfurt,2026-03-27,VIP
261,Alexis Tucker,smithsara@example.net,+1-494-267-2324x8763,Salazarland,2025-01-30,Regular
262,Rachel Bailey,grantjames@example.net,295-588-3734,Lake Megan,2023-05-24,Premium
263,Kathleen Moore,brownmichael@example.org,(345)397-0108x22078,Watkinsmouth,2026-02-16,Regular
264,Paul Villanueva,kimberlynguyen@example.org,263.863.1797,Thompsonstad,2023-07-04,VIP
265,Nathan Chen,james20@example.net,001-704-521-7762,Port Laura,2026-02-05,VIP
266,Susan Lane,christophervincent@example.com,797.874.0633,New Rachel,2025-01-09,VIP
267,Andrew Esparza,simmonsphillip@example.net,477-731-8063,North Timothyport,2024-01-13,Premium
268,Joe Hudson,braysteven@example.org,001-862-657-0165x804,Port Gail,2025-06-09,Regular
269,Gabriela Randolph,pamela16@example.com,590.355.2818x325,Port Julie,2025-04-08,Premium
270,Harold Adams,eramirez@example.com,(777)388-1788x479,Millerfurt,2023-08-29,VIP
271,Donna Frye,martindaniel@example.org,223.680.4682x7567,Port Lauriehaven,2023-08-30,VIP
272,Jennifer Cooper,todd88@example.com,449.724.2437x540,New Sandra,2023-12-29,Premium
273,Dominique Mcpherson,evanwilson@example.com,001-727-745-2380,Fernandezburgh,2023-07-08,Premium
274,Barbara Johnson,dmack@example.com,(408)985-4749,Lake Timothyton,2024-03-08,VIP
275,Juan Parker,owilliamson@example.com,(315)909-3983x430,New Prestonfort,2025-05-13,Premium
276,Larry Harding,raymond65@example.com,(904)655-4781x376,Chandlerchester,2023-07-28,Regular
277,Kevin Miller,kevinmcneil@example.net,519-461-0646x28792,Angelaton,2025-11-27,VIP
278,Elizabeth Richards,dhansen@example.org,4029447146,North David,2026-03-03,VIP
279,Zachary Jones,bianca96@example.com,+1-971-458-9042x9025,West Michaelstad,2024-04-01,Premium
280,Eddie Fowler,palmerkatie@example.org,001-419-228-5544x51895,Nathanfort,2023-06-24,VIP
281,Thomas Martin,ericwalker@example.org,+1-398-488-1671,Baileystad,2026-03-24,Regular
282,Jeremy Huerta,GERALD40@EXAMPLE.NET,332-823-4232,North Andrewfort,2025-05-31,VIP
283,Amanda Rodriguez,harrisonrebekah@example.org,440-711-9393,Port Julie,2023-02-07,Premium
284,Kevin Bell,williamjones@example.net,001-408-933-4280x13875,East Maryfurt,2025-05-09,Regular
285,Jose Russell,david18@example.org,654.980.1571x6479,Robertschester,2023-10-16,VIP
286,Benjamin Randall,xcrosby@example.org,8718678112,Lake Saraburgh,2025-06-05,Premium
287,William Morgan,bmartinez@example.net,449.994.6579x6784,Tracybury,2023-05-18,Regular
288,Brandy Garcia,,(369)952-4991,West Ebony,2025-10-08,Premium
289,Dennis Cooper PhD,cisnerosanthony@example.com,467-656-7700,South Ryan,2026-02-02,VIP
290,James Gallagher,rkeller@example.net,001-977-882-8064,Katieport,2025-02-26,Premium
291,Alfred Williams,michael90@example.net,361-365-5650x33349,West Geoffreyside,2026-01-13,VIP
292,Joel Boyer,sadams@example.com,001-905-369-6591,West Tyler,2025-05-31,Premium
293,Mary Jackson,michael63@example.com,+1-318-734-4049x6391,Simmonsstad,2023-12-15,VIP
294,Marisa Turner,ryan85@example.org,(964)698-7820x82973,Michaelton,2026-04-10,VIP
295,Helen Hernandez,juliecannon@example.com,(451)536-4424x93631,Stevenside,2023-02-05,Regular
296,Jennifer Bullock MD,derek44@example.net,+1-620-370-0159,Mosleyland,2026-02-23,Premium
297,Ryan Cameron,danielnavarro@example.org,898.547.1391x55963,East Tara,2023-07-04,Regular
298,David Lawrence,sferguson@example.org,,Parkerstad,2023-11-19,Regular
299,Melinda Nichols,miaprice@example.com,341-934-3275x604,Housemouth,2024-08-24,VIP
300,Sherri Wilkins,hollyhunter@example.com,(798)357-0027x20634,New Jennifer,2023-05-22,Premium
301,Marie Anderson,usparks@example.com,,New Deborahbury,2023-01-27,Regular
302,Valerie Gonzalez,brandonwilliamson@example.net,321-552-9108x677,Port Lisa,2025-06-29,VIP
303,Paul Reyes,,736-926-2044x3973,Andersonmouth,2023-04-20,Regular
304,Jennifer Lewis,verickson@example.net,211-280-0537x599,Turnerfurt,2023-11-20,Regular
305,Brandi Mcclain,carpenterjorge@example.net,457.921.5862x4150,Juliechester,2026-01-17,VIP
306,Shawn Austin,zachary62@example.com,001-672-487-0320x3207,Wilsonfort,2025-06-19,Regular
307,Herbert Fletcher,hellis@example.net,(615)513-4228,New Katieburgh,2025-01-14,Premium
308,Billy Tate,,+1-216-759-1520x17774,Nguyenshire,2026-05-22,VIP
309,Scott Solis,marcus01@example.net,,North Kenneth,2023-12-30,Premium
310,Nancy Dorsey,michaeldavis@example.com,437.876.7499x61659,North Williammouth,2025-03-15,VIP
311,Maria Reeves,,647-561-7422,Ashleyside,2024-10-29,Regular
312,Andrew Rodriguez,dgutierrez@example.net,001-894-254-9180x1722,Leemouth,2023-04-17,VIP
313,Joanna Morton,tammy23@example.org,394-216-8006,Stevensfurt,2023-08-08,Regular
314,Tracy Guzman,nturner@example.com,001-564-912-2031x030,South Megan,2025-04-07,Regular
315,Kimberly Miller,bhernandez@example.org,,Williamstown,2024-01-12,VIP
316,Ryan Reynolds,vallison@example.net,+1-284-207-6789x973,Angelaview,2024-06-22,Regular
317,Jennifer Kennedy,pdean@example.com,760.924.3757x383,Jenniferfurt,2023-06-17,Premium
318,Sandra Nunez,laura29@example.org,517-522-3297x1674,West Nicolestad,2024-12-11,Premium
319,Carrie Villarreal,romanmatthew@example.org,+1-431-383-7455x084,Lloydville,2025-06-20,Regular
320,Rachael Lynch,colonbobby@example.org,(313)452-4787,Loriville,2025-04-05,VIP
321,Jessica Perry,sanchezlisa@example.com,482-814-5653x2863,Villanuevahaven,2024-06-11,Premium
322,Heidi Johnson,kaylarobbins@example.net,215-456-2606,Lake Tinahaven,2026-02-25,Regular
323,Jennifer Blackwell,jennifer55@example.org,889-526-7389x975,North Amandafurt,2026-01-29,VIP
324,Natalie Martinez,jason88@example.com,752.600.8943x46810,Davidville,2025-03-11,Premium
325,Kenneth Smith,tonya99@example.net,+1-789-535-4492x6831,Shawnberg,2025-11-15,VIP
326,Sandra Miller,colemandavid@example.org,815.986.9886x497,Dennischester,2025-05-29,VIP
327,Brianna Martinez,tanderson@example.net,713.677.0285x19611,North Nathan,2023-02-21,VIP
328,Elizabeth Tucker PhD,kristenfisher@example.com,632-970-1851x0679,Alvarezberg,2026-02-22,Regular
329,Kathy Murray,,419-296-6365x80741,Annville,2024-12-30,Regular
330,Angela Friedman,bernardaimee@example.com,701.882.0433x97189,Atkinstown,2025-01-21,Regular
331,Christopher Johnson,patrick11@example.org,+1-824-422-4124,Howardton,2023-03-17,Premium
332,Brett Thomas,jonathan10@example.org,699.237.8861,Jonestown,2024-02-11,Regular
333,David Mercado,angela91@example.org,001-582-849-6718x32582,Williamsmouth,2026-05-11,VIP
334,Lisa Delgado,aaronmahoney@example.com,394-665-3984x028,Port Donaldside,2023-04-25,VIP
335,Dr. Christine Wagner PhD,cynthia74@example.org,+1-455-837-9502x09700,Farmerside,2024-12-10,VIP
336,Shawn Curtis,staffordlisa@example.com,+1-215-569-5620x17537,Erinstad,2025-08-06,Regular
337,Robert Garrett,jimsnyder@example.com,6479930361,Lake Joanne,2023-08-06,VIP
338,Lindsey Thompson,julieanderson@example.net,984.230.8948,Port Sheilachester,2026-04-11,Regular
339,Jennifer Martinez,hsimpson@example.org,001-230-546-8750x6351,Rosariobury,2026-06-02,Premium
340,Gary Brown,johnsonryan@example.org,001-754-531-7350,Duranmouth,2026-04-18,VIP
341,Angela Brown,bennettpamela@example.net,320-270-4961,Melissafurt,2024-12-14,VIP
342,Paul Hall,chavezsteven@example.com,+1-291-350-7859x311,New David,2025-01-26,Regular
343,Heather Olson,ilopez@example.org,4244968549,Kellytown,2024-08-22,VIP
344,Mary Thomas,williamconley@example.org,(753)633-1537x79599,North Shawn,2024-06-18,Regular
345,Amanda Robinson,fowlerheather@example.com,+1-333-775-6362x050,East Kellyborough,2023-02-08,Premium
346,Susan Ward,gonzalezjustin@example.org,425-883-2302x410,West Sharonport,2025-04-15,VIP
347,Jacob Watson,,(211)522-3386x55963,Kristinemouth,2025-12-26,VIP
348,Mark Ramirez,melissaschmitt@example.com,717.991.2868,West Jennifer,2024-10-24,VIP
349,Karen Sosa,zadams@example.net,001-603-833-7363,Port Neil,2026-02-07,Regular
350,Brandy Miller,ostone@example.net,8787956776,Joshuatown,2025-10-23,Premium
351,David Brewer,rachel48@example.net,+1-514-731-1150,Johnview,2023-09-08,VIP
352,Larry Taylor,alan44@example.com,(969)907-8263x3373,West Meganchester,2024-03-10,VIP
353,Melissa Clark,bfarrell@example.com,(892)840-7553,Farmerside,2025-05-25,Premium
354,Kevin Bradley,weekseric@example.com,001-899-596-6361,Ashleymouth,2024-08-28,Premium
355,Elizabeth Jackson,antoniobarker@example.com,3239164334,East Markchester,2023-03-15,Regular
356,William Anderson,emendoza@example.com,623.546.7299,Hilltown,2024-10-03,Regular
357,Jill Summers DDS,aliciakent@example.com,879.501.4754x692,Ellisburgh,2023-08-18,Regular
358,Anna Hale,allenmonica@example.com,+1-784-813-7681x5118,Jaredton,2024-07-29,Regular
359,Benjamin Neal,vjames@example.com,960.904.1257,Lake Stephanie,2023-03-29,VIP
360,  ROBERT SKINNER  ,marylawson@example.org,218-562-1042x7523,Port Cynthiahaven,2024-07-18,VIP
361,Michelle Prince,cvaughn@example.org,+1-200-263-3533x106,Lake Elizabeth,2024-03-06,Regular
362,Stephen Robles,jenniferwilliams@example.net,855-383-9386,West Marcustown,2023-10-24,Premium
363,Eugene Price,qrobinson@example.com,+1-495-601-3649x7189,Tinafurt,2026-05-08,Premium
364,Valerie Benson,gregory57@example.org,309-697-6838x90309,Toddland,2023-10-29,VIP
365,James Phillips,nicholasmay@example.org,001-797-752-4508x6403,Lake Vanessabury,2023-11-06,Premium
366,Jane Morris,esoto@example.com,530-523-2129,Hardyport,2024-10-09,Premium
367,Craig Coleman,kevinray@example.net,947.815.6627,Wolffort,2024-10-06,Premium
368,James Dickerson,brooke28@example.net,(946)374-7468,Gonzalezborough,2024-03-01,VIP
369,Scott Cross,travis66@example.net,(567)849-1601x692,Williamfort,2026-05-06,VIP
370,Isabel Brown,vhouse@example.org,,North Darryl,2023-11-12,Premium
371,Michael Cruz,stonejacob@example.com,(864)348-8694,Lisaview,2023-05-20,Premium
372,Tara Sanders,adam27@example.org,716-486-4622,South Hunter,2025-06-17,Regular
373,Joanne Olsen,jamesbrady@example.org,367-791-2141x614,South Todd,2023-02-07,VIP
374,Alexandra Adams,ortegakristina@example.org,938-706-9847,Nathanmouth,2025-02-10,VIP
375,Dr. Teresa Ortega MD,,5767209184,Robertsonborough,2024-07-30,Regular
376,Mark Mcmahon,allen50@example.net,573-497-6915x67164,East Tylerland,2026-01-14,Premium
377,Michael Dunn,cjackson@example.org,683.533.2116x0256,Lynnville,2025-07-06,VIP
378,Tammy Schultz,sdavis@example.com,599.515.6686,Christopherland,2023-11-27,Regular
379,Kevin Lopez,berrydavid@example.com,(590)340-9836x6552,Stewartport,2024-05-19,Premium
380,Kathryn Bryant,dustin09@example.com,581-549-7374x6052,Port Kimberlyfort,2025-06-12,Premium
381,Elizabeth Briggs,vickiekelley@example.com,(775)266-1844x38612,Stephenburgh,2025-12-20,Premium
382,Jessica Olson,jasonbrock@example.org,001-405-291-2662x0157,Brittneyberg,2023-05-30,Regular
383,Jennifer Johnson,randyturner@example.net,(361)376-4750,Mayhaven,2023-04-16,VIP
384,Kevin Archer,vhill@example.org,001-726-376-4921,South Lisa,2025-06-29,VIP
385,Justin Herrera,lbrown@example.net,001-213-412-9208x751,North Anna,2025-01-03,Premium
386,Amanda Whitney,michael82@example.com,+1-703-540-8487x29758,East Benjaminberg,2025-05-27,Premium
387,Ronnie Bernard,brittanyramirez@example.net,+1-861-484-4626x714,Lake Jessicaborough,2024-11-14,VIP
388,Kristy Holland,roberthernandez@example.com,(309)731-4181x8615,Dustinbury,2026-03-06,VIP
389,Brent Petty,nicholasgarcia@example.org,(684)697-1859,East Louisfurt,2025-02-14,Regular
390,Robert Byrd,iwoods@example.com,7825226940,Mannburgh,2025-05-15,Premium
391,Hector Harrison,joshua68@example.net,541.346.5111,North Juliaside,2023-07-30,VIP
392,Rhonda Smith,urhodes@example.org,578.281.6093x0685,Lake Sarah,2025-02-14,Premium
393,Stephanie Thompson,mary85@example.org,(676)525-1538x14474,Robinsonport,2023-01-03,VIP
394,Tina Robertson,wallspatricia@example.com,2507975451,South Michael,2026-02-09,VIP
395,Johnathan Miller,robertgentry@example.org,,Douglasmouth,2023-05-19,Regular
396,Hector Hamilton,nicole31@example.org,902-966-5023x7416,West Karen,2025-10-17,Regular
397,Jennifer Barber,ganderson@example.org,(225)880-3056,Toddchester,2024-09-04,Regular
398,Christian Dixon,juanwilson@example.com,001-536-337-1892x392,West Veronicaberg,2023-06-18,Premium
399,Luis Davis,jamesalicia@example.net,+1-733-656-7086x0414,Wrightton,2026-04-18,VIP
400,  AARON GUERRERO  ,jason74@example.net,362-247-5541,West Michael,2025-05-21,Premium
401,Natalie Chapman,john43@example.net,(711)629-1093x3711,New Jennifer,2025-07-14,Premium
402,Corey Pierce,patricia85@example.com,416.617.6880x294,Port Teresaborough,2023-02-27,Premium
403,Jennifer Cohen,MARTINKAREN@EXAMPLE.COM,+1-566-294-3202,Gordonhaven,2026-01-26,Regular
404,Samuel Phillips,andrea23@example.org,+1-534-502-4240,Lake Michaelstad,2024-11-13,Premium
405,Travis Henson,jennifer69@example.com,500-953-4240x89164,Jamesfurt,2023-10-09,VIP
406,David Barber,eddie71@example.com,(272)623-9724,Port Phillip,2023-07-27,VIP
407,Andrea Jones,spencerbrewer@example.com,382-209-1660,East Johnland,2025-09-01,VIP
408,Todd Greene,rosariodaniel@example.net,613-327-9724x57230,North Amyville,2023-01-28,Premium
409,Sara Thomas,andrewsimmons@example.org,(343)761-7213x145,North Cassandraburgh,2023-06-01,VIP
410,George White,qhernandez@example.net,794-451-4754x1022,Briggsville,2024-05-13,VIP
411,Tina Ramirez,morrisdavid@example.com,(957)967-6952x366,South Christopher,2024-11-10,VIP
412,Kelsey Frank,jacquelineyoung@example.org,705.487.2105,Port Melissa,2024-01-12,Regular
413,Susan Sanchez,briantaylor@example.net,001-426-206-5019x179,North John,2023-07-07,Regular
414,Ronald Butler,terrytaylor@example.net,001-447-465-7041x200,Fraziermouth,2023-01-14,Regular
415,Sandra Ellison,jenna62@example.com,886-423-6903,Port Heatherfort,2025-11-15,Premium
416,Martin Wilcox,brianwatson@example.com,541.611.5950,North Jasontown,2023-07-27,Regular
417,Ellen Arnold,allenchristopher@example.net,001-209-770-0514,Portermouth,2025-08-17,Premium
418,Molly Dickson,riverapeggy@example.net,682-409-6790,Millerland,2023-07-13,Premium
419,Crystal Lewis,,598.357.2545x96063,Davistown,2026-05-07,Premium
420,Seth Payne,portershawn@example.org,621-949-5511x2747,North Teresa,2025-04-09,VIP
421,Jack Mitchell MD,scotthunt@example.net,351-668-7409x03802,Nashbury,2024-04-24,Premium
422,Joel Davis,imcdonald@example.com,312-716-6365,Lewisfort,2024-03-12,VIP
423,  JESSE GARDNER  ,nthomas@example.com,001-209-560-5673,Nelsonburgh,2026-01-12,Regular
424,Benjamin Sullivan,morgan76@example.net,542.701.6542,Alvarezburgh,2026-04-16,Premium
425,Jessica Gaines,jmorrow@example.net,919.492.5502,Danielchester,2024-09-29,Regular
426,Nathan Mcneil,cynthiafowler@example.net,,Lake Barbara,2023-09-25,VIP
427,Robert Smith,wayne17@example.net,866.755.8685x127,New Ryan,2023-08-14,Regular
428,Matthew Frazier,jacqueline11@example.org,909-261-7981,Lewismouth,2025-05-01,VIP
429,Ashley Gates,belllaura@example.com,(260)253-8444x46306,Maryhaven,2023-02-03,Regular
430,Lindsay Rogers,zallen@example.org,+1-860-596-2626x582,New David,2023-05-08,Premium
431,Jenna Gill,mary25@example.org,310-860-9209,South Cynthia,2023-02-02,VIP
432,Chelsea Delgado,kennethnichols@example.org,001-364-304-1209x1179,Patricialand,2023-06-30,VIP
433,Ryan Durham,peterhenry@example.org,(217)313-6657x22402,Timothyside,2026-05-30,VIP
434,Joseph Scott,leeanthony@example.org,682.935.1305x23124,West Jeanport,2023-09-12,Premium
435,Robert Graham,qnielsen@example.org,946.819.9423,Carlsonview,2026-01-31,Premium
436,Lisa Lawson,wgonzalez@example.com,+1-817-220-8496x4985,Rubenburgh,2023-05-27,Regular
437,Benjamin Sandoval,dustin51@example.org,505-337-9538x16493,New Patriciachester,2024-12-16,Regular
438,Jessica Li,jameslang@example.com,8465117295,Andrewshire,2025-01-05,Regular
439,Susan Mitchell DVM,ijohnson@example.net,7507171644,Troyton,2024-05-25,Premium
440,Michael Gibson,cameronsharon@example.org,,Lisaside,2023-09-01,VIP
441,Taylor Parrish MD,rodriguezstacey@example.org,459-864-2297x125,New Allisonshire,2025-03-23,VIP
442,John Ramirez,qperez@example.com,001-515-983-3117x030,South Dan,2025-11-10,Premium
443,Kevin Rose,kathleen47@example.net,(581)823-5679,Rodneyport,2023-08-28,VIP
444,Laura Garcia,vwalter@example.org,707.624.0787,West Ryanberg,2023-05-31,VIP
445,Jeffrey Cook,gnelson@example.org,+1-866-334-3629x4897,North Jeffrey,2025-05-19,Premium
446,Andrew Adams,pateljoshua@example.net,001-666-661-3473x235,East Wesleyfort,2025-07-25,VIP
447,Sarah Watts,lesliejones@example.org,772-907-6502x41209,Marksfort,2025-01-14,Premium
448,Robert Bradley,mary88@example.org,,Jenniferhaven,2025-11-22,Regular
449,Shannon Barrera,rrodriguez@example.net,001-502-363-2570x3965,Fowlerview,2023-09-05,VIP
450,Meghan Nolan,harcher@example.org,755-369-6443x098,Knightstad,2024-07-07,Regular
451,Wayne Porter,stevenhernandez@example.com,+1-682-347-4140x703,Adamstad,2023-03-09,Premium
452,April King,natasha88@example.org,242-936-9143,Port Erika,2026-04-05,Premium
453,James Strong,samantha94@example.org,001-565-692-3426,Ashleymouth,2024-01-25,VIP
454,Jamie Liu,hdavis@example.com,001-258-857-5676x670,New Rebecca,2023-04-23,Regular
455,  LAUREN WATSON  ,brian62@example.com,+1-907-787-0104x15914,Lake Brendahaven,2026-01-07,VIP
456,Amy Harris,annacoffey@example.org,324.240.7931,New Collinborough,2023-07-15,Premium
457,Alexander Wagner,HBROWN@EXAMPLE.COM,,East William,2025-11-10,VIP
458,Christina Castillo,elizabeth97@example.com,+1-846-261-7662x04719,Lake Debramouth,2025-01-10,VIP
459,Terry Estes,dkhan@example.com,3254883586,Dianashire,2025-04-16,VIP
460,Mike Buchanan,kristen46@example.org,+1-776-879-2988x4259,Port Jessicabury,2023-03-28,Regular
461,Brian Villa,omorris@example.net,312.266.1094,South Kathryntown,2025-12-16,Premium
462,Erica Hale,oanderson@example.net,+1-433-847-7433,North Brandi,2025-11-04,VIP
463,Mary Harris,patriciaward@example.com,001-981-752-8733,Port Carlos,2024-03-30,Regular
464,James Jones,martinezzachary@example.org,673-609-8503,Carlosburgh,2024-05-13,Premium
465,Angela Johnston,reginald08@example.net,597-740-0564,East Jamesmouth,2026-02-07,Regular
466,Mary Johns,trevorshaffer@example.net,+1-205-316-9918x724,Lake Michael,2023-02-15,Regular
467,Richard Walter,andrewbrown@example.org,+1-496-808-7066,North Samuel,2025-06-13,VIP
468,Vickie Richardson,matthewhull@example.org,219.503.6890,North Davidburgh,2025-11-02,Premium
469,Ernest Morrison,,611.514.8375x3745,Luisside,2024-11-03,Premium
470,Amy Mccullough,nramirez@example.org,934.283.1520x37710,Evansland,2023-12-11,Premium
471,Scott Cruz,roypatrick@example.org,736.226.8040,Sandraview,2026-03-07,Premium
472,Leslie Todd,jessica96@example.com,001-401-886-4876x9984,East Rebecca,2024-08-19,VIP
473,Michael Hill,kelseyphillips@example.net,(609)445-4490x1495,South Alanton,2024-07-20,Premium
474,  KAREN RICHARD  ,rickyriley@example.org,598-451-7244x472,East Dannyton,2023-07-07,VIP
475,Jonathon Alexander,bobby30@example.net,940-358-0935x118,East Mark,2024-10-14,Premium
476,Rodney Perry,jliu@example.org,495-256-5749x02504,Port Lawrence,2023-05-16,VIP
477,Natalie Logan,shelby69@example.org,+1-226-911-3989x86818,Stewartborough,2025-04-21,Regular
478,Eileen Sanchez,laurenmadden@example.org,751.937.6515x881,Hartmanbury,2025-02-11,VIP
479,Samantha Martinez,kimberlyrussell@example.net,+1-929-544-5511x66829,Smithville,2026-02-22,Premium
480,Ralph Dawson,inewton@example.org,(602)312-8866x52683,Brittanyville,2024-03-05,Premium
481,Amber Rodgers MD,olozano@example.com,001-764-972-2981x2099,Thompsonshire,2024-04-29,Premium
482,Raymond Hall,kpeterson@example.net,698.764.5652x20368,Gabrielport,2023-05-07,Regular
483,Jeffrey Mcclure,sheila49@example.org,242.513.8820,West Jamesshire,2023-01-09,Regular
484,Jeremy Martinez,hphillips@example.net,001-517-367-4124x151,Joshuahaven,2024-02-22,Premium
485,Angela Watts,hamiltonsarah@example.net,938-400-3296x33472,Davidland,2025-07-25,Premium
486,Shannon Curry,hamiltontravis@example.net,720.964.9693,West Mary,2024-11-07,VIP
487,Mary Henry,iharper@example.com,713-314-6753x6127,Bushfort,2024-03-19,Regular
488,Sharon Burke,anthonyadams@example.org,(908)554-5667x66404,West Sethbury,2024-03-09,Premium
489,Carol Harris,gouldchristina@example.com,(398)200-6155,Amandaburgh,2024-10-23,VIP
490,Jennifer Robbins,laurie55@example.com,883.900.0818,Kevinbury,2023-02-23,Premium
491,Melissa Johnson,hessnicholas@example.com,(441)311-8600,Leeport,2025-07-27,VIP
492,Jessica Paul,joshua31@example.com,+1-597-864-6136x8474,Lunastad,2023-01-22,Premium
493,Michelle Chavez,sandersjesse@example.com,591.345.2118x2379,Millsshire,2023-06-30,Regular
494,Amy Snyder,vcollins@example.org,9599960438,West Steven,2024-02-04,VIP
495,Mr. Patrick Quinn,simmonschris@example.org,001-902-481-2371x06728,Rossport,2025-08-13,Premium
496,Zachary Cortez,alexandra95@example.net,+1-522-748-3958x9477,East Alice,2026-03-28,Regular
497,Alexandra Butler,thomasholder@example.org,333-718-7510x9792,West Courtney,2025-03-22,Premium
498,Denise Hoover,tsilva@example.com,+1-464-688-3192x134,Port Alexa,2024-12-20,Premium
499,Janet Johnston,tammy97@example.org,(903)231-9222,East Williammouth,2024-02-17,VIP
500,John Turner,allenphillip@example.com,001-475-848-5819x324,Nealview,2024-12-16,VIP
501,Kristin Graham,gregory57@example.net,(763)598-3652x037,Markstad,2023-01-08,VIP
502,Kathryn Smith,,9444090797,North Mikeberg,2024-08-27,Regular
503,Cassandra Rosales,barnesmegan@example.org,705.218.4390x552,Butlerton,2026-04-15,VIP
504,Roger Mason,christopher70@example.com,+1-938-362-0448x515,Davisland,2024-12-23,VIP
505,Brandon Stewart,wangkristina@example.org,+1-657-413-4324x0642,Perezborough,2024-12-21,Regular
506,Curtis Krause,heidi41@example.com,(595)858-7209x628,Jaredhaven,2024-03-18,VIP
507,Natalie Adams,jonathanmcdonald@example.org,882-272-7955,Lake Michaeltown,2024-02-16,Premium
508,John Rogers,lopezmichael@example.org,582.607.9799x667,Timothyfurt,2025-07-12,Regular
509,Wesley Rich,fisherkim@example.net,(790)228-2498x3922,Lauraberg,2026-05-23,VIP
510,Judy Martin,hopkinsjames@example.org,941-423-3613x2850,Piercefurt,2024-03-15,VIP
511,Susan Barnett,wmccarthy@example.org,(925)226-5469x6815,Port Joe,2023-10-10,Regular
512,Jonathan Smith,,(873)403-4615,Larryfort,2024-06-27,Premium
513,Tyler Fisher,,915.216.0252x986,Hendersonton,2024-09-12,Premium
514,David Walters,xshaw@example.com,001-758-651-2686x120,Grahammouth,2023-09-10,Regular
515,Bryan Burns,brendan95@example.com,(254)308-4245x60754,New Joannabury,2024-03-31,Regular
516,Joseph Martinez,cynthiajordan@example.com,(479)338-9701x550,West Saraport,2024-05-02,VIP
517,Alex Clements,jennifer16@example.org,794.949.8830,Hillburgh,2023-10-02,Premium
518,Michael Jacobs,erikanelson@example.com,306.524.4795,Jeffreyport,2023-10-14,Premium
519,Lisa Murray,vwalters@example.net,(478)805-5557x2773,Lake Melissaland,2023-11-23,Regular
520,Kristina Reed,juliemoreno@example.com,857-270-2992x9596,Angelafort,2025-08-16,Premium
521,Jaime Medina MD,davisjeffery@example.org,001-842-626-8653,Crystalmouth,2024-02-12,VIP
522,Kim Perez,dsimpson@example.com,822.864.0857x216,New Jeffreyhaven,2024-06-07,Premium
523,Ms. Monique Dougherty MD,garrettgarrett@example.net,950-796-8832,East Thomas,2025-07-11,Premium
524,Christina Anderson,klinejamie@example.com,539.973.2781x952,North Kaitlynchester,2025-07-10,VIP
525,Whitney Atkins,logansusan@example.net,+1-819-280-7704,Pattersonville,2024-04-08,Premium
526,Ryan Chang,,623-973-4151x77345,Lyonsshire,2024-02-26,Premium
527,Andrew Taylor,anthony59@example.com,001-644-829-4774x222,North Melissa,2023-11-25,VIP
528,Brittany Smith,jennifer86@example.com,+1-925-429-8585x672,Smithland,2024-09-09,Regular
529,Eric Walker,charlotte13@example.com,379.608.3350x6158,Port Brianshire,2024-12-06,Regular
530,Dana Robles,hannahcurtis@example.org,572.309.4841,New Kevin,2026-03-02,VIP
531,David Gill,imarshall@example.org,913-671-7173x18939,Callahanville,2024-12-27,Premium
532,Jessica Day,qgay@example.com,+1-547-725-8784x448,Connieville,2023-12-18,Regular
533,Theresa Freeman,patricia87@example.com,(421)564-1758,East Kyle,2025-09-20,Premium
534,Randall Kennedy,sara39@example.net,(752)936-2292,Chanview,2025-04-13,Regular
535,Dennis Michael,nathan45@example.net,(757)446-9660x606,Andrewborough,2026-05-29,VIP
536,Mitchell Phillips,andrew66@example.com,+1-383-539-8741,Davidshire,2023-07-24,Premium
537,Wesley Williams,twatts@example.com,649.796.0105,Danielberg,2024-07-13,Regular
538,Angela Rowland,jholloway@example.net,693-281-7359x8488,Port Kristimouth,2023-06-29,VIP
539,Heather Mejia,jackmcdonald@example.com,(953)244-9021x666,New Nathanielshire,2025-11-27,Regular
540,Andrew Gordon,kristy74@example.net,511-391-8182x81979,Meyersmouth,2025-09-05,Premium
541,Spencer Stevenson,charles95@example.com,460.669.4096x00356,Amandaborough,2025-12-27,Regular
542,  LAURA GOMEZ  ,jacobhernandez@example.com,(310)789-0285,Lake Jason,2026-01-15,Premium
543,Jeff Nelson,kelseyjohnson@example.com,860-573-6077,Lawrenceville,2023-09-20,VIP
544,Christopher Gentry,martinjason@example.com,001-395-956-3318x5748,Larafurt,2023-01-21,Regular
545,Ariel Ward,mary64@example.org,001-216-470-4502x329,Lake Terry,2024-10-23,Premium
546,Kyle Clark,nathan62@example.com,(928)522-5120,Reginaview,2024-01-26,VIP
547,Alyssa Johnson,onealaustin@example.org,(308)369-8221x05316,Luceroside,2026-05-21,Regular
548,Scott Pacheco,collinsterrance@example.com,,Port Sheri,2023-10-07,Regular
549,Bradley Davis,ncampbell@example.org,634.424.5798,Donnashire,2024-02-23,VIP
550,Sarah Adkins,ywelch@example.org,(902)903-2650,Lake Molly,2025-12-30,Premium
551,Jennifer Haney,ihowell@example.com,948-355-2457,Kathrynview,2025-05-02,VIP
552,Jacob May,codyhester@example.org,384-425-4768,East Mary,2024-05-22,Regular
553,Alan Quinn,ALICIA29@EXAMPLE.NET,408.858.3825x21293,Brandonfurt,2025-12-31,Regular
554,Steven Stanton,imcdonald@example.net,401-948-4399x1062,South Kristie,2025-11-15,VIP
555,Jeanne Lee,chad42@example.com,392-637-2450,Hallmouth,2024-10-30,Premium
556,Calvin Paul,whernandez@example.net,340-364-1769x27438,Johnfort,2026-06-26,Premium
557,Tracey Fisher,grimesjoshua@example.net,001-944-585-6451x0173,Daltonfort,2025-01-24,Regular
558,Sara Bennett,gwilliams@example.net,+1-919-911-3599x6605,South Lisachester,2025-01-01,VIP
559,Allison Bradley,mccoymark@example.com,(407)545-5534x70574,Joystad,2024-12-13,Regular
560,Carolyn Porter,cookchristina@example.net,454.811.6597,Bellmouth,2023-09-15,Regular
561,Nicole Chung,allen39@example.com,684.488.2691x31196,Randyfurt,2025-07-02,Premium
562,Tyler Olsen,christina15@example.org,903.582.4073x333,Johntown,2023-07-05,VIP
563,Karen Gonzales,robertabbott@example.net,(396)445-4655x3585,Port Amanda,2024-02-15,Regular
564,William Mueller,gnichols@example.net,958.937.4907,East Andrewmouth,2025-01-24,VIP
565,Amy Bailey,brycegomez@example.net,694-709-7626x374,Thomasside,2023-10-24,Regular
566,Laurie Huffman,josephmichael@example.org,,Berryfurt,2023-04-24,VIP
567,Jane Wells,isaac45@example.org,001-764-971-2463x351,Andrewton,2025-08-17,Premium
568,  MRS. JACQUELINE JACKSON  ,smithpaul@example.org,001-595-712-3972,New Neil,2023-05-04,Premium
569,Jeremiah Singleton,williamolsen@example.com,4904814415,Leeberg,2026-02-22,Premium
570,Tamara Pace DVM,hbowers@example.net,+1-815-235-2373,Cochranshire,2024-04-02,Premium
571,Joseph Alvarado,rhonda99@example.net,+1-586-683-4527,Powellfurt,2026-04-19,Regular
572,Alexander Garcia,tlynch@example.com,001-240-280-3149x98250,Lopezside,2026-05-18,Regular
573,Roger Russo,williammaldonado@example.org,517.223.5137,Harrisville,2023-02-27,Premium
574,Abigail Allen,tracey63@example.com,(802)229-3946x9434,Bennettborough,2024-06-14,Premium
575,Katherine Greene,xwilliams@example.com,(731)411-2712,Stephaniefurt,2026-04-18,Regular
576,Dustin Foley,daniel16@example.org,387-332-8077,Lopezland,2023-10-19,VIP
577,Luis Kim,,233.850.9025x42573,Williambury,2024-04-29,VIP
578,Cory Barrett,cjohnson@example.org,298.348.2285,Holmestown,2025-05-23,VIP
579,  CAROLYN CANTU  ,benjamin13@example.org,(909)806-9130x9810,Colebury,2023-12-27,VIP
580,Lisa Reed,jmendoza@example.com,+1-753-224-2642,Douglasmouth,2024-07-04,Premium
581,Shawn Christian,omartinez@example.com,766.767.7767,Andersonhaven,2024-02-20,Premium
582,Daniel Lee,stacydaniel@example.net,(978)665-4362x718,Williamsborough,2026-02-28,Premium
583,Steve Keller,cwhite@example.org,001-836-792-4926x932,Port Sarah,2024-08-20,Regular
584,Timothy Salazar,,5006515532,Cindymouth,2025-12-08,Regular
585,Sandra Alvarez,keithgarcia@example.net,(922)661-8962,North Elizabeth,2025-05-30,Regular
586,Jeremy Campos,nicolekennedy@example.com,(209)957-9927,Nicoleland,2026-04-22,Premium
587,Andrea Taylor,erica21@example.net,854.415.9709,Jamesview,2024-04-11,VIP
588,Dr. Allison Flores,brettallen@example.com,276-250-4715x802,South Norman,2024-01-22,VIP
589,Michael Terry,michael86@example.com,001-352-754-8374x417,North Lisaville,2026-01-04,Premium
590,Christopher Brown,kimberlyshields@example.org,001-405-591-2975x1910,East Christopherland,2026-03-17,Premium
591,Rickey Hall,lovepaul@example.net,237.337.9274x90728,West Douglas,2023-08-13,Premium
592,Valerie Graves,LOPEZMELINDA@EXAMPLE.ORG,(869)649-6843,New Adrian,2025-11-18,VIP
593,Melinda Campbell,,001-609-761-7015x9591,Woodport,2024-07-29,Premium
594,Emily Duarte,jeremyjackson@example.net,,Patrickberg,2026-01-19,Regular
595,Adrian Moody,edwardshah@example.org,906-872-4530,Jeremyfort,2023-07-22,VIP
596,Kathryn Graham,tonywade@example.com,915-579-4238,West Crystalmouth,2024-06-15,Regular
597,Melinda Patterson,georgealyssa@example.com,001-752-559-7107x5633,Cynthiafort,2026-03-07,Regular
598,Kristen Ray,holly25@example.net,001-239-793-3797,South Karenmouth,2024-10-13,VIP
599,John Morrison,carl63@example.com,001-425-607-3305x597,Gallowayside,2026-05-05,Regular
600,Robert Lopez,phillipsbruce@example.org,884.336.6044x32400,South Connie,2024-04-15,Premium
601,Linda Blake,gilesstephen@example.org,001-997-742-9250x105,Piercechester,2023-06-30,VIP
602,Jennifer Nguyen,schneidermario@example.net,3804271122,North Karen,2026-04-14,Regular
603,Gina Gutierrez,vasquezamy@example.net,(262)281-3721x43308,South Bobby,2025-03-31,Premium
604,David Hernandez,vincentmorris@example.net,+1-560-584-7068x10390,West Jacquelineshire,2025-01-13,Premium
605,Katrina Calderon,ilewis@example.org,+1-594-748-5862x3945,Wilsonport,2026-02-19,VIP
606,Jeremy Faulkner,hharris@example.org,(613)539-4394x5703,Alexanderburgh,2024-10-14,Premium
607,Christine Arroyo,dcortez@example.com,+1-227-278-9431x910,Sarahport,2025-12-29,Regular
608,Nicholas Ali,brownjason@example.org,(351)246-0401x42473,Thompsonville,2026-01-28,Premium
609,  DAVID KANE  ,joseph97@example.org,001-223-216-6007x6762,Jenniferfort,2025-04-17,Regular
610,Derek Lambert,jimmywest@example.org,+1-909-968-7304x5195,Donnastad,2024-11-25,Regular
611,Kimberly Flores,richard96@example.com,454.727.8656x194,Hayesside,2026-03-25,VIP
612,Carly Williams,carolfernandez@example.net,(292)336-1618,Sarahburgh,2025-01-04,Regular
613,Melinda French,uwilson@example.com,+1-568-963-9561,Lake Aaron,2023-07-18,Premium
614,  KATHY RODRIGUEZ  ,ruthneal@example.com,264.638.1300,Port Kimberly,2023-06-04,Premium
615,David Tapia,qduffy@example.com,9942565346,South Luistown,2025-05-16,Regular
616,John Salinas,,+1-970-860-7174x81131,New Tracey,2025-08-13,Regular
617,Eric Waters,arobinson@example.org,9296087182,Solisside,2025-06-08,Premium
618,Amber Richards,cthompson@example.com,(504)995-6121,South Kimberlyburgh,2024-09-12,Premium
619,Amanda White,michelle97@example.org,001-771-812-2299x077,Cynthiaville,2023-01-27,VIP
620,Andrew Graham,fjones@example.com,+1-957-768-3210x21923,Jonesburgh,2024-12-12,VIP
621,Audrey Williams,dylananderson@example.net,(405)708-0184x9804,Solisborough,2026-03-20,Premium
622,Karen Lewis,paulschultz@example.net,422-582-1781,Francostad,2025-03-10,Premium
623,Samantha Russell,uwilliams@example.com,8354679327,Tylerland,2023-11-04,Regular
624,Andre Jones,bushkimberly@example.net,7546647548,Dixonfurt,2025-12-27,VIP
625,Sara Lawrence,taylordavis@example.com,588-591-4444x98355,Jamesmouth,2024-03-20,Premium
626,Jennifer Baker,msantiago@example.net,(443)358-8537,Danielleborough,2025-07-13,VIP
627,Madeline Rogers,zbrooks@example.com,001-849-878-5249x141,Port Sarah,2023-01-05,VIP
628,Jordan Ewing,william63@example.com,3674917665,Kathleenton,2023-08-20,Regular
629,Benjamin Rodriguez,david16@example.org,8905015944,Sarahstad,2023-10-22,Regular
630,Brittany Spencer,kathryn26@example.org,+1-390-321-9947,Walkermouth,2023-11-11,VIP
631,Stephanie Lowery,daniel34@example.com,001-996-973-3116,Jeffersonfurt,2023-07-11,Premium
632,Phillip Harris,hkim@example.com,407-889-6793x52196,Michaelview,2023-09-22,Regular
633,Earl Hall,ryu@example.net,217.906.9556,Blankenshipland,2024-07-10,VIP
634,Gregory Adams,timothy23@example.net,+1-289-683-0650x3121,Shawnport,2023-04-12,Premium
635,Jeffrey Pitts,jeremycollins@example.net,931-890-9248,North Lindsey,2026-02-15,VIP
636,Micheal Jones,adamskrista@example.net,278-752-2823,Williamtown,2025-12-27,Regular
637,Stephanie Long,brandonmoore@example.org,395.594.7372,North Tonyaberg,2023-07-26,Premium
638,  JOE LINDSEY  ,upierce@example.com,278.559.9648x62872,Meaganville,2023-04-04,VIP
639,Jennifer Bennett,andrew73@example.org,462.279.2463,Kingfurt,2026-02-23,VIP
640,John Khan,danderson@example.org,(314)650-5766,Williamsfort,2024-03-28,VIP
641,Gary Collins,alexgarcia@example.net,001-784-900-8385x076,Justinton,2024-03-18,Regular
642,Laurie Stephenson,ghamilton@example.org,+1-889-681-2657x42231,North Kevinberg,2024-05-18,Premium
643,  KEITH BUTLER  ,ronaldcarroll@example.org,4129047137,Cainmouth,2023-05-26,VIP
644,Veronica Jefferson,BARBARA85@EXAMPLE.NET,+1-758-629-8493x30674,Williamsshire,2024-09-28,VIP
645,Scott Rodriguez,angelarichard@example.org,872.718.8566,East Cindy,2024-01-17,Premium
646,Mary Hampton,grahamlisa@example.org,(870)555-1437x76936,West Erik,2024-01-01,Premium
647,James Miller,millerjoan@example.org,+1-267-412-0072,Erikastad,2024-01-07,VIP
648,Anita Martin,mark09@example.org,6903326714,Dillonmouth,2025-11-27,Regular
649,Debbie Schneider,crawfordjeffrey@example.com,6658277584,Port Tracey,2024-06-17,Regular
650,Gabriel Allen,jacquelinejohnson@example.org,001-712-717-2214,Grahamville,2025-01-09,Regular
651,Mary Powers,sharon37@example.net,6528635100,Fordfurt,2023-08-27,Premium
652,Shari Cole,julie65@example.net,001-520-924-6175x202,Lake Henry,2026-05-06,Regular
653,Adam Ward,lauren55@example.org,878-533-2584,South Tamarashire,2024-07-08,VIP
654,Kimberly Campos,mitchellandrew@example.net,+1-617-267-9935x9374,Ralphtown,2025-11-08,Premium
655,Amanda Crane,aallen@example.com,2149886084,New Donna,2026-06-15,Premium
656,Brian Young,,+1-330-461-5370,Garyport,2026-04-03,Regular
657,Jennifer Bullock,jessicaward@example.com,988-711-2103x1421,Dixonfort,2023-06-04,Regular
658,Diana Miller,gomezpaul@example.org,+1-440-591-1225,Anthonyfurt,2024-09-02,Regular
659,Jessica Aguirre,mlewis@example.net,+1-279-913-7876x5530,Andrestad,2023-08-28,Regular
660,Jennifer Monroe,michelle12@example.org,+1-288-719-2778x851,Carterville,2023-11-10,Premium
661,Eric Maynard,heathercabrera@example.org,256-618-5174x460,Port Derrickhaven,2024-02-23,VIP
662,Sarah Cox,villegaskatrina@example.com,629-339-1304,Rebeccaport,2025-11-01,VIP
663,Jamie Galvan,samantha61@example.net,340-621-1901x70756,North Matthew,2023-07-22,VIP
664,Thomas Haynes,mccoyandre@example.org,001-522-283-6084x9378,Leehaven,2024-07-02,Regular
665,Chad Beltran,sbartlett@example.com,891.564.9701,New Jack,2025-08-10,VIP
666,Barbara Lambert,jenniferhall@example.org,001-801-362-3419x0310,Thomasville,2024-03-11,Premium
667,Erika Jenkins,,(453)237-7460x4067,Lake Stephenport,2025-09-24,Regular
668,Brian Mitchell,joshua60@example.com,001-481-997-5437x34764,North Kimberly,2023-10-09,VIP
669,Janice Downs,danielgriffith@example.net,614-584-6019x134,Lake Tyler,2025-08-24,Regular
670,Brittany Smith,abradley@example.com,821.746.4493,Weberbury,2023-05-03,VIP
671,Scott Kelly,amandasnyder@example.com,+1-501-919-2360,North Erinside,2024-06-10,VIP
672,Chad Rojas,nathanjohnson@example.org,001-561-349-7315,Kylieside,2023-04-30,VIP
673,Teresa Allen,ibarker@example.org,+1-807-736-5118x93940,Hawkinsburgh,2026-04-07,Regular
674,Brent Burton,contrerasjames@example.org,202.933.3247,North David,2023-10-15,Premium
675,Christina Burton,mary62@example.net,427-860-2508,East Charles,2023-05-19,Premium
676,Jeffrey Lyons,josephmeyer@example.net,+1-989-695-7298x93762,Lake Lauren,2024-02-07,Premium
677,Christina Phillips,lho@example.org,,North William,2025-10-16,Premium
678,Stacey Allen,morganamanda@example.com,458-922-0673x231,Lake Kathleenmouth,2023-04-02,Premium
679,Donald Boone,johnsonalexander@example.org,001-700-215-2911x37178,Lake Edwardstad,2025-10-01,Regular
680,Michael Norton,karen42@example.org,+1-329-498-7478,Walterton,2023-08-13,Premium
681,John Hunter,mjohnson@example.org,6434655158,East Robertview,2024-06-01,Premium
682,Wanda Wood,diazlorraine@example.net,(908)707-0633x6998,Port Claudiahaven,2025-09-30,VIP
683,Austin Adams,hebertmichelle@example.com,,South Josephberg,2024-11-05,VIP
684,Brenda Ross,jessica89@example.net,+1-646-642-0362x58631,Port Peterfurt,2023-04-15,Regular
685,Tracy Brooks,michelle02@example.com,955.882.4301,Michellehaven,2024-01-28,Premium
686,Robin Wagner,,288.782.4527,Port Kellyborough,2023-02-17,VIP
687,Christine Hubbard,james84@example.net,216-532-1119x78718,Lake Erikafort,2023-11-04,Premium
688,  JARED MORRIS  ,benjaminrussell@example.org,001-211-298-7561x7868,Port Anthony,2026-03-09,VIP
689,Laurie Cook,irodriguez@example.net,503.865.7744x91609,Denniston,2024-04-14,VIP
690,  LARRY STOKES  ,daniel43@example.org,(487)350-9263x2239,Matthewchester,2023-11-03,Regular
691,David Johnson,,2503537666,South Kimberly,2023-05-29,VIP
692,Andrew Lee,meyerjames@example.com,(691)706-2715x3123,Hicksburgh,2024-03-29,Regular
693,Brian Sims,jcoleman@example.net,(693)284-4013,Deleonmouth,2025-10-09,VIP
694,John Estrada,ricklewis@example.net,(391)601-5709x085,North Jennifer,2023-12-31,Premium
695,David Aguirre,tavila@example.net,+1-669-496-4899x718,Bethshire,2024-11-13,VIP
696,Gary Garcia,bartonpaige@example.net,+1-232-831-2342x669,New Thomasfurt,2025-03-04,Premium
697,Joyce Butler,maygordon@example.org,283-689-3595x3828,Susanville,2025-11-22,Premium
698,Dr. Kylie Hamilton,dunnmelinda@example.org,(895)382-6418x6965,North Anna,2026-03-24,Premium
699,Annette Rivas,katieaguirre@example.com,001-551-643-4682,Connieton,2025-12-20,VIP
700,Sandra Martin,aaroncontreras@example.net,(796)261-0168x31139,South Allisonview,2023-03-03,VIP
701,Mark Jones,brian62@example.net,939.676.2053x44077,Lake Sherriberg,2024-05-13,Premium
702,Pamela Jenkins,caitlyncooper@example.net,677-260-2991,Carlosborough,2024-05-21,Regular
703,Jesse Davis,stephanieedwards@example.net,(235)561-7817,Lake Craig,2025-12-20,VIP
704,April Rodriguez,gyoung@example.net,627-678-9561x33718,Lake Susanshire,2023-12-04,VIP
705,Charles Foster,dudleycody@example.com,903-473-4167x8127,North Maryland,2026-03-13,VIP
706,Stephanie Chapman,curtislee@example.net,(429)785-7973x63831,Jeremymouth,2024-06-05,VIP
707,Allison Floyd,hpowell@example.com,406.373.6820x5068,East Jeffrey,2025-04-20,Regular
708,Michael Miller,qshelton@example.com,3584714692,West Ashley,2023-04-03,Premium
709,Nicole Friedman,joe99@example.net,680-622-0509x3869,Nicolemouth,2025-04-07,Regular
710,Lisa Spencer,hollandjustin@example.com,+1-888-970-7152x3867,North Sarah,2023-09-08,Regular
711,James Miller,ballelizabeth@example.com,498.776.8299x6872,South Virginia,2024-10-20,Regular
712,Mason Flores,rossjacob@example.net,750.940.5669,Lake Davidview,2024-12-27,VIP
713,Casey Francis,joseph28@example.com,696.832.5942x328,Port Shelia,2025-11-25,Regular
714,Stephanie Armstrong,petersonfrank@example.org,+1-552-585-7256x29269,Curtishaven,2024-03-14,VIP
715,Michael Wood,lynntracy@example.com,(385)309-5744x3034,South Carolburgh,2026-03-27,VIP
716,Joseph Bush,josephjohnson@example.com,764.515.4715,West Christine,2023-05-17,VIP
717,Jason Luna,,7094421410,Lake Brittanyfort,2024-08-05,Regular
718,  LISA CONLEY  ,XSMITH@EXAMPLE.ORG,888.885.6225,Michelleshire,2023-03-16,Premium
719,Rebecca Cole,kramirez@example.org,458.454.8596x5594,North Lisachester,2024-01-24,VIP
720,Mrs. Tara Smith,williamslaurie@example.com,+1-739-731-3215x5130,Lake Cynthia,2024-09-05,Premium
721,Catherine Garcia,justin88@example.net,(469)297-2736x7746,West Keith,2023-06-15,Premium
722,Andrea Robinson,jasminemorton@example.org,001-823-212-3920x4910,South Jose,2026-02-03,VIP
723,Mitchell Ford,PATELKATIE@EXAMPLE.COM,417.822.5775x45847,West Douglasland,2023-07-17,Regular
724,Patricia Santiago,qreyes@example.net,416.308.2717,East Scott,2024-08-06,Regular
725,Claudia Cunningham,suehowe@example.com,(322)899-9362,Lake Kevinside,2025-10-17,Regular
726,Cynthia Jackson,jacqueline39@example.net,958.544.6177,Robertstown,2023-07-26,VIP
727,Debbie King,ucarr@example.org,(979)397-0292,Johnmouth,2023-07-26,VIP
728,Susan Higgins,tracywoodard@example.com,(498)783-2201,New Jacobton,2024-05-21,Premium
729,Deborah Spencer,gstone@example.net,,Joelfurt,2023-12-21,VIP
730,Robin Wyatt,daniel15@example.org,291.302.9295,Ramirezhaven,2024-01-22,VIP
731,Logan Gonzalez,rayvictoria@example.org,497.419.1260,North Michelle,2023-05-28,Regular
732,Toni Ortiz,brianobrien@example.net,+1-411-716-6122x01907,Randolphborough,2025-04-24,Premium
733,Nicole Lewis,ashley66@example.com,680.427.4812,Andrewside,2023-05-09,Regular
734,Lori Taylor,MICHELLE95@EXAMPLE.ORG,(794)862-0935,Port Judytown,2025-12-07,Regular
735,Cindy Estrada,david97@example.org,001-813-671-2436x58585,East Meghan,2025-08-31,Regular
736,Benjamin Newton,anthonybranch@example.org,(215)992-7387x40299,South Ronaldshire,2025-07-06,Regular
737,Darren Martinez,amanda15@example.com,820-934-0301x095,Richardsonport,2024-12-21,VIP
738,Jacqueline Lawrence,nathan62@example.org,371-324-7601x080,Port Rhondachester,2023-02-19,Regular
739,Ashlee Ross,burnsrodney@example.org,+1-208-315-7129,South Christopherhaven,2026-05-28,VIP
740,Jesse Wright,,4453847436,North Annetteburgh,2025-06-17,Regular
741,Scott Rhodes,bsimmons@example.net,470-931-8053x396,Prestonchester,2026-03-22,Premium
742,Angela Richards,mariahlyons@example.com,7002466614,North Sergiofort,2025-08-21,Premium
743,Becky King,curryjose@example.org,+1-381-794-9053,West Cherylhaven,2025-09-27,Premium
744,Kevin Lucas,znoble@example.net,373.813.7971x66984,East Javierport,2026-03-04,Regular
745,Karina Duncan,jesusthompson@example.com,(623)489-9499x19701,North Jason,2026-02-01,Regular
746,Joe Strong,danieljenkins@example.org,+1-904-418-1359x98989,South Sydneyside,2026-02-19,Premium
747,Laurie Roberts,ochoamelissa@example.net,(944)782-2175x8839,New Geraldtown,2024-07-12,VIP
748,Anthony Wells,lestrada@example.org,(491)849-6112x8794,South Jessica,2024-12-15,Premium
749,Tony Santiago,,3957314196,Lambury,2024-06-29,Premium
750,Duane English,mathewbennett@example.org,001-579-662-4096x49668,Johnsonmouth,2026-04-08,VIP
751,Brittany Wallace,anngarcia@example.org,(259)536-4882,Patelhaven,2023-12-06,VIP
752,Andrew Graham,randall28@example.com,+1-591-760-9114x131,Port Morgan,2025-04-23,Premium
753,  ASHLEY LEWIS  ,vkline@example.org,204.458.8165,Karenfort,2024-04-04,VIP
754,Caleb Davis,debra34@example.com,4966617718,New Ambertown,2025-01-28,VIP
755,Julia Arnold,nelsonscott@example.com,513.859.2664x86989,Collinshaven,2025-06-07,Premium
756,Erik Stafford,murphybrianna@example.com,+1-701-319-2920x75360,South Feliciaton,2023-03-31,VIP
757,Kyle Mullins,uclark@example.org,(221)689-4559x06700,Alyssashire,2025-10-26,VIP
758,Anthony Knapp,rfleming@example.net,,Leroystad,2023-01-19,Premium
759,Jeremy Medina Jr.,,638.890.6235,Port Cynthia,2026-01-22,VIP
760,Gabrielle Roberts,sandersmatthew@example.net,(930)806-2212x242,Bensonfort,2026-05-15,Premium
761,Chad Stewart,pricedale@example.org,211-358-4886x008,Olsonfort,2024-08-28,Premium
762,Bethany Baxter MD,scott04@example.com,(264)526-1212,Lake Kathleen,2024-11-05,VIP
763,Darren Reed,idelacruz@example.org,585.725.4824x218,Lauraview,2026-01-26,Premium
764,Michael Patterson,denise47@example.com,001-323-911-2327x4897,Duranbury,2024-07-13,VIP
765,Maria Gregory,tracyjohnson@example.net,+1-362-817-5080,West Markborough,2026-05-12,Regular
766,Lee Mcguire,markgardner@example.org,993-953-4001x816,Port Ronaldburgh,2024-10-06,Premium
767,David Santiago,jose60@example.net,385.217.9937,Johnville,2025-03-29,Premium
768,Jesus Shaw,,001-769-988-2904,Port Timothy,2025-01-08,Premium
769,Jerry Taylor,zhall@example.org,001-498-564-2423x8397,East Theresaside,2023-11-01,Premium
770,Mr. Robert Acevedo MD,zacharyrobertson@example.org,001-498-232-2101x023,Murrayfurt,2023-01-21,Regular
771,Thomas Romero,hespinoza@example.org,+1-514-635-6140,Lake Sherry,2026-03-30,Premium
772,Nicole Hartman,robert82@example.org,746-695-1003x07620,Kimland,2026-04-18,Regular
773,Steven Williams,qcompton@example.com,(741)310-6541x13407,Kelseyfort,2024-05-23,Premium
774,Luis Richardson,russellkelley@example.com,+1-826-989-9962,New Ryan,2025-09-28,Regular
775,Stephanie Knight,rrice@example.net,+1-979-815-0596x2571,East Andrew,2023-01-30,Regular
776,Jeffrey Miles,shawn89@example.net,(460)341-8095,Matthewmouth,2025-09-27,VIP
777,Autumn Tucker,janice27@example.com,(492)811-8824x1996,East Carrie,2023-12-06,Regular
778,Jose Jones,shepherdnicole@example.com,001-454-221-8545x7056,East Megan,2025-12-14,VIP
779,Ronald Page,hurleybrandon@example.net,(435)764-0723x2472,Adamland,2026-02-06,VIP
780,Mr. Thomas Black,haleylove@example.org,326-216-8507,North Darrenstad,2025-09-30,Premium
781,Lisa Anthony,zavaladiane@example.com,(461)505-3709,Joneschester,2023-02-25,VIP
782,Melanie Smith,sscott@example.net,989-848-5432,Port Meredith,2025-01-26,Regular
783,Kurt Ramirez,amiranda@example.net,598-327-3481,Brandonstad,2023-02-15,Regular
784,Mary Powell,caseystafford@example.org,001-857-248-3526x8064,Leeside,2025-08-09,Premium
785,Mitchell King,sarah83@example.net,925-936-4628x0550,South Michaelmouth,2026-03-28,VIP
786,Jackson Sanders,annedaniel@example.org,+1-508-355-1074x091,South Kimberlyfurt,2026-04-28,VIP
787,William Smith,linda76@example.org,+1-422-406-9535x41201,Kristenshire,2024-07-12,VIP
788,  VICTOR SMITH  ,smalone@example.org,951-753-2594,Bradleyfort,2023-02-10,VIP
789,Jeremy Lee,stevenpierce@example.com,001-695-203-1006x493,North Joshuaberg,2023-09-17,VIP
790,Sherry Patterson,caleb84@example.net,+1-713-459-9285x535,Joneston,2023-02-28,VIP
791,John Shepard,schneiderraymond@example.com,+1-501-986-7740,Lake Pamela,2024-10-01,VIP
792,Cory Charles,bianca53@example.org,5674762550,North Trevorfurt,2025-03-18,VIP
793,Carlos Myers,daniel84@example.org,001-302-392-3345,New Billchester,2023-01-20,Regular
794,Amber Sanchez,,(211)666-7329,Susanmouth,2026-02-17,Premium
795,Shawn Hart,kmorris@example.org,529-596-4260,Port Alan,2024-06-18,Premium
796,Judith Gomez,chrismurray@example.com,5922071152,Gravesburgh,2023-08-19,Premium
797,Robert Swanson,carlosmeadows@example.net,389-370-5916,New Nathan,2024-10-03,Premium
798,Angela Chapman,ashley77@example.org,001-516-388-0053x789,Franklinberg,2024-11-29,Regular
799,Lauren Nolan,martin40@example.net,582-627-2002,East Elaine,2024-11-15,Regular
800,David Ramirez,parcher@example.org,001-428-211-6599x3020,West Sharonberg,2025-03-20,VIP
9,Carlos Walls,esanchez@example.com,311.265.6670,Laurenville,2024-05-28,Premium
511,Susan Barnett,wmccarthy@example.org,(925)226-5469x6815,Port Joe,2023-10-10,Regular
176,James Wilson,maychristine@example.net,001-301-658-1449,Jamestown,2025-09-03,Regular
736,Benjamin Newton,anthonybranch@example.org,(215)992-7387x40299,South Ronaldshire,2025-07-06,Regular
243,Brian Cervantes,pmurphy@example.net,6138290227,Gonzalezmouth,2025-02-24,Regular
765,Maria Gregory,tracyjohnson@example.net,+1-362-817-5080,West Markborough,2026-05-12,Regular
541,Spencer Stevenson,charles95@example.com,460.669.4096x00356,Amandaborough,2025-12-27,Regular
431,Jenna Gill,mary25@example.org,310-860-9209,South Cynthia,2023-02-02,VIP
85,Courtney Hall,gutierrezjennifer@example.org,+1-520-282-6773x45401,South Nicole,2026-03-11,Premium
643,  KEITH BUTLER  ,ronaldcarroll@example.org,4129047137,Cainmouth,2023-05-26,VIP
256,Laura Robertson,zmendoza@example.net,001-218-330-6719x85546,Christophermouth,2024-04-11,Regular
112,  JEFFREY SMITH  ,jamiegoodwin@example.org,001-618-925-5371,Candicefurt,2024-11-04,Premium
290,James Gallagher,rkeller@example.net,001-977-882-8064,Katieport,2025-02-26,Premium
350,Brandy Miller,ostone@example.net,8787956776,Joshuatown,2025-10-23,Premium
704,April Rodriguez,gyoung@example.net,627-678-9561x33718,Lake Susanshire,2023-12-04,VIP
